mapping_id,status,event_name,proposition,polymarket_market_id,polymarket_slug,polymarket_yes_token_id,polymarket_no_token_id,polymarket_yes_outcome,polymarket_no_outcome,kalshi_ticker,draw_handling,extra_time_handling,penalties_handling,settlement_notes,reviewer,reviewed_at,notes
fifwc-arg-aut-2026-06-22-arg__kxwcgame-26jun22argaut-arg,approved,Argentina vs. Austria,Argentina to win in regular time,0x5bdcf0fd010eba1a55a0f3de9be6612fc72038279a734e994ce2e34664a3cfe4,fifwc-arg-aut-2026-06-22-arg,43065377931595109421738195806896155428299627622642742017785976384593510801128,77002366109109127479239996257904251473000417388964866523475185435352010232935,Yes,No,KXWCGAME-26JUN22ARGAUT-ARG,draw/Tie is a separate outcome; team-winner markets resolve No on draw,regular time plus stoppage time only; extra time excluded,penalties excluded,"Approved strict automated match suggestion with match_score=100. Both normalized summaries indicate regular time plus stoppage time only; extra time and penalties are excluded. Draw/Tie is modeled as a separate outcome, so team-winner propositions resolve No on draw. Polymarket summary: Will Argentina win on 2026-06-22? In the upcoming game, scheduled for June 22, 2026 If Argentina wins, this market will resolve to ""Yes"". Otherwise, this market will resolve to ""No"". If the game is postponed, this market will remain open until the game has... Kalshi summary: Argentina vs Austria Winner? If Argentina wins the Argentina vs Austria professional FIFA World Cup soccer game originally scheduled for Jun 22, 2026 after 90 minutes plus stoppage time (does not include extra time or penalties), then the market resolves to...",qisongqiao,2026-06-22T12:14:08Z,User approved all strict suggested mappings on 2026-06-22T12:14:08Z; source run_id=mapping-fix-classifier-20260621T122459Z; match_score=100.0.
fifwc-arg-aut-2026-06-22-aut__kxwcgame-26jun22argaut-aut,approved,Argentina vs. Austria,Austria to win in regular time,0x73b3d2eee243a7f5438e12b72e2f33da013b0f3963302ee62bbc9198df121515,fifwc-arg-aut-2026-06-22-aut,89153404871462295225932923711930844386489455338217882638440216779894680412312,57582970448257176080674344761768626208441794265754464064680791126733576973925,Yes,No,KXWCGAME-26JUN22ARGAUT-AUT,draw/Tie is a separate outcome; team-winner markets resolve No on draw,regular time plus stoppage time only; extra time excluded,penalties excluded,"Approved strict automated match suggestion with match_score=100. Both normalized summaries indicate regular time plus stoppage time only; extra time and penalties are excluded. Draw/Tie is modeled as a separate outcome, so team-winner propositions resolve No on draw. Polymarket summary: Will Austria win on 2026-06-22? In the upcoming game, scheduled for June 22, 2026 If Austria wins, this market will resolve to ""Yes"". Otherwise, this market will resolve to ""No"". If the game is postponed, this market will remain open until the game has been... Kalshi summary: Argentina vs Austria Winner? If Austria wins the Argentina vs Austria professional FIFA World Cup soccer game originally scheduled for Jun 22, 2026 after 90 minutes plus stoppage time (does not include extra time or penalties), then the market resolves to Y...",qisongqiao,2026-06-22T12:14:08Z,User approved all strict suggested mappings on 2026-06-22T12:14:08Z; source run_id=mapping-fix-classifier-20260621T122459Z; match_score=100.0.
fifwc-arg-aut-2026-06-22-draw__kxwcgame-26jun22argaut-tie,approved,Argentina vs. Austria,Argentina vs. Austria to end in a draw in regular time,0xac111edf9fdf6fab06525d9a0216c16a2e54483c0df7ac58f1a83e9fa53b0c72,fifwc-arg-aut-2026-06-22-draw,42455935076310849881859802799668778227947193880181063098828866359749449345600,47389312143922690390797971646019973260520894130857187853764999865585392035522,Yes,No,KXWCGAME-26JUN22ARGAUT-TIE,draw/Tie is a separate outcome; team-winner markets resolve No on draw,regular time plus stoppage time only; extra time excluded,penalties excluded,"Approved strict automated match suggestion with match_score=100. Both normalized summaries indicate regular time plus stoppage time only; extra time and penalties are excluded. Draw/Tie is modeled as a separate outcome, so team-winner propositions resolve No on draw. Polymarket summary: Will Argentina vs. Austria end in a draw? In the upcoming game, scheduled for June 22, 2026 If the game ends in a draw, this market will resolve to ""Yes"". Otherwise, this market will resolve to ""No"". If the game is postponed, this market will remain open un... Kalshi summary: Argentina vs Austria Winner? If Tie wins the Argentina vs Austria professional FIFA World Cup soccer game originally scheduled for Jun 22, 2026 after 90 minutes plus stoppage time (does not include extra time or penalties), then the market resolves to Yes....",qisongqiao,2026-06-22T12:14:08Z,User approved all strict suggested mappings on 2026-06-22T12:14:08Z; source run_id=mapping-fix-classifier-20260621T122459Z; match_score=100.0.
fifwc-bel-irn-2026-06-21-bel__kxwcgame-26jun21beliri-bel,approved,Belgium vs. IR Iran,Belgium to win in regular time,0xebb200cb08bbe89c2523a345947d083a992e27cc479cf1b5568407751e026d2c,fifwc-bel-irn-2026-06-21-bel,73247571006255574285385183553023235681702880602976519365262465179094676130340,53597669171978672256468920195937083153038369256192285386370202574271543538681,Yes,No,KXWCGAME-26JUN21BELIRI-BEL,draw/Tie is a separate outcome; team-winner markets resolve No on draw,regular time plus stoppage time only; extra time excluded,penalties excluded,"Approved strict automated match suggestion with match_score=100. Both normalized summaries indicate regular time plus stoppage time only; extra time and penalties are excluded. Draw/Tie is modeled as a separate outcome, so team-winner propositions resolve No on draw. Polymarket summary: Will Belgium win on 2026-06-21? In the upcoming game, scheduled for June 21, 2026 If Belgium wins, this market will resolve to ""Yes"". Otherwise, this market will resolve to ""No"". If the game is postponed, this market will remain open until the game has been... Kalshi summary: Belgium vs IR Iran Winner? If Belgium wins the Belgium vs IR Iran professional FIFA World Cup soccer game originally scheduled for Jun 21, 2026 after 90 minutes plus stoppage time (does not include extra time or penalties), then the market resolves to Yes....",qisongqiao,2026-06-22T12:14:08Z,User approved all strict suggested mappings on 2026-06-22T12:14:08Z; source run_id=mapping-fix-classifier-20260621T122459Z; match_score=100.0.
fifwc-bel-irn-2026-06-21-irn__kxwcgame-26jun21beliri-iri,approved,Belgium vs. IR Iran,IR Iran to win in regular time,0xc4a229b06046a4a30d9b5cd73fc6364f6b7cdc48efc33bfc6b24a2806aa93f30,fifwc-bel-irn-2026-06-21-irn,107259278816298402654822103861927486042412499982187590917424237525323082866574,77753095110749500937469282770452240963872941132005254317370105990221125629419,Yes,No,KXWCGAME-26JUN21BELIRI-IRI,draw/Tie is a separate outcome; team-winner markets resolve No on draw,regular time plus stoppage time only; extra time excluded,penalties excluded,"Approved strict automated match suggestion with match_score=100. Both normalized summaries indicate regular time plus stoppage time only; extra time and penalties are excluded. Draw/Tie is modeled as a separate outcome, so team-winner propositions resolve No on draw. Polymarket summary: Will IR Iran win on 2026-06-21? In the upcoming game, scheduled for June 21, 2026 If IR Iran wins, this market will resolve to ""Yes"". Otherwise, this market will resolve to ""No"". If the game is postponed, this market will remain open until the game has been... Kalshi summary: Belgium vs IR Iran Winner? If IR Iran wins the Belgium vs IR Iran professional FIFA World Cup soccer game originally scheduled for Jun 21, 2026 after 90 minutes plus stoppage time (does not include extra time or penalties), then the market resolves to Yes....",qisongqiao,2026-06-22T12:14:08Z,User approved all strict suggested mappings on 2026-06-22T12:14:08Z; source run_id=mapping-fix-classifier-20260621T122459Z; match_score=100.0.
fifwc-bel-irn-2026-06-21-draw__kxwcgame-26jun21beliri-tie,approved,Belgium vs. IR Iran,Belgium vs. IR Iran to end in a draw in regular time,0x11e878643f63c75e36d58024033ae710c19e696f652fa05ba705ab019402a633,fifwc-bel-irn-2026-06-21-draw,65206879169809471684171181962606426355936771076631263853333189016369249957120,12763597046416546487919110400622432462280558272061069631712565796213969623992,Yes,No,KXWCGAME-26JUN21BELIRI-TIE,draw/Tie is a separate outcome; team-winner markets resolve No on draw,regular time plus stoppage time only; extra time excluded,penalties excluded,"Approved strict automated match suggestion with match_score=100. Both normalized summaries indicate regular time plus stoppage time only; extra time and penalties are excluded. Draw/Tie is modeled as a separate outcome, so team-winner propositions resolve No on draw. Polymarket summary: Will Belgium vs. IR Iran end in a draw? In the upcoming game, scheduled for June 21, 2026 If the game ends in a draw, this market will resolve to ""Yes"". Otherwise, this market will resolve to ""No"". If the game is postponed, this market will remain open unti... Kalshi summary: Belgium vs IR Iran Winner? If Tie wins the Belgium vs IR Iran professional FIFA World Cup soccer game originally scheduled for Jun 21, 2026 after 90 minutes plus stoppage time (does not include extra time or penalties), then the market resolves to Yes. The...",qisongqiao,2026-06-22T12:14:08Z,User approved all strict suggested mappings on 2026-06-22T12:14:08Z; source run_id=mapping-fix-classifier-20260621T122459Z; match_score=100.0.
fifwc-cze-mex-2026-06-24-cze__kxwcgame-26jun24czemex-cze,approved,Czechia vs. Mexico,Czechia to win in regular time,0xb7297ad99cd8e4957c64aca2fbf143efeb7045e95826cf4aa6b327ebfe1f1ec3,fifwc-cze-mex-2026-06-24-cze,75582324068408801617260879555413324403573690501232841899134550992026699982390,548964886295163008477245934054902233334678539089546096450999463363183608482,Yes,No,KXWCGAME-26JUN24CZEMEX-CZE,draw/Tie is a separate outcome; team-winner markets resolve No on draw,regular time plus stoppage time only; extra time excluded,penalties excluded,"Approved strict automated match suggestion with match_score=100. Both normalized summaries indicate regular time plus stoppage time only; extra time and penalties are excluded. Draw/Tie is modeled as a separate outcome, so team-winner propositions resolve No on draw. Polymarket summary: Will Czechia win on 2026-06-24? In the upcoming game, scheduled for June 24, 2026 If Czechia wins, this market will resolve to ""Yes"". Otherwise, this market will resolve to ""No"". If the game is postponed, this market will remain open until the game has been... Kalshi summary: Czechia vs Mexico Winner? If Czechia wins the Czechia vs Mexico professional FIFA World Cup soccer game originally scheduled for Jun 24, 2026 after 90 minutes plus stoppage time (does not include extra time or penalties), then the market resolves to Yes. Th...",qisongqiao,2026-06-22T12:14:08Z,User approved all strict suggested mappings on 2026-06-22T12:14:08Z; source run_id=mapping-fix-classifier-20260621T122459Z; match_score=100.0.
fifwc-cze-mex-2026-06-24-mex__kxwcgame-26jun24czemex-mex,approved,Czechia vs. Mexico,Mexico to win in regular time,0x1f5cd4d1a23c11229b2781303dd39fb60ec6ee369dd173cedef8a7f7a1a27298,fifwc-cze-mex-2026-06-24-mex,67466148034529849001749283892995420841255740280965377423907471965663421834164,108542309228994520905965562569189446143531125126301140836116183436069541077867,Yes,No,KXWCGAME-26JUN24CZEMEX-MEX,draw/Tie is a separate outcome; team-winner markets resolve No on draw,regular time plus stoppage time only; extra time excluded,penalties excluded,"Approved strict automated match suggestion with match_score=100. Both normalized summaries indicate regular time plus stoppage time only; extra time and penalties are excluded. Draw/Tie is modeled as a separate outcome, so team-winner propositions resolve No on draw. Polymarket summary: Will Mexico win on 2026-06-24? In the upcoming game, scheduled for June 24, 2026 If Mexico wins, this market will resolve to ""Yes"". Otherwise, this market will resolve to ""No"". If the game is postponed, this market will remain open until the game has been c... Kalshi summary: Czechia vs Mexico Winner? If Mexico wins the Czechia vs Mexico professional FIFA World Cup soccer game originally scheduled for Jun 24, 2026 after 90 minutes plus stoppage time (does not include extra time or penalties), then the market resolves to Yes. The...",qisongqiao,2026-06-22T12:14:08Z,User approved all strict suggested mappings on 2026-06-22T12:14:08Z; source run_id=mapping-fix-classifier-20260621T122459Z; match_score=100.0.
fifwc-cze-mex-2026-06-24-draw__kxwcgame-26jun24czemex-tie,approved,Czechia vs. Mexico,Czechia vs. Mexico to end in a draw in regular time,0x9de91738929365f104420a4246815a47ea2017b17e30370fa4572ceb84d898b9,fifwc-cze-mex-2026-06-24-draw,104735262279610516248406908690291013202167988132813028132950707551552452029652,112100398795186059824184766659508506391430690207262063747905738492417339256953,Yes,No,KXWCGAME-26JUN24CZEMEX-TIE,draw/Tie is a separate outcome; team-winner markets resolve No on draw,regular time plus stoppage time only; extra time excluded,penalties excluded,"Approved strict automated match suggestion with match_score=100. Both normalized summaries indicate regular time plus stoppage time only; extra time and penalties are excluded. Draw/Tie is modeled as a separate outcome, so team-winner propositions resolve No on draw. Polymarket summary: Will Czechia vs. Mexico end in a draw? In the upcoming game, scheduled for June 24, 2026 If the game ends in a draw, this market will resolve to ""Yes"". Otherwise, this market will resolve to ""No"". If the game is postponed, this market will remain open until... Kalshi summary: Czechia vs Mexico Winner? If Tie wins the Czechia vs Mexico professional FIFA World Cup soccer game originally scheduled for Jun 24, 2026 after 90 minutes plus stoppage time (does not include extra time or penalties), then the market resolves to Yes. The fo...",qisongqiao,2026-06-22T12:14:08Z,User approved all strict suggested mappings on 2026-06-22T12:14:08Z; source run_id=mapping-fix-classifier-20260621T122459Z; match_score=100.0.
fifwc-ecu-ger-2026-06-25-ecu__kxwcgame-26jun25ecuger-ecu,approved,Ecuador vs. Germany,Ecuador to win in regular time,0x44e25f753ae47dbdf2705d35e0a45db24d3a1b2996b82a1350ade2c7e92c4f93,fifwc-ecu-ger-2026-06-25-ecu,14621976022388339155866443939403907158807725281606484508612016632018100973573,135792657791879031181866023056748029392055768984822794561479819351684481583,Yes,No,KXWCGAME-26JUN25ECUGER-ECU,draw/Tie is a separate outcome; team-winner markets resolve No on draw,regular time plus stoppage time only; extra time excluded,penalties excluded,"Approved strict automated match suggestion with match_score=100. Both normalized summaries indicate regular time plus stoppage time only; extra time and penalties are excluded. Draw/Tie is modeled as a separate outcome, so team-winner propositions resolve No on draw. Polymarket summary: Will Ecuador win on 2026-06-25? In the upcoming game, scheduled for June 25, 2026 If Ecuador wins, this market will resolve to ""Yes"". Otherwise, this market will resolve to ""No"". If the game is postponed, this market will remain open until the game has been... Kalshi summary: Ecuador vs Germany Winner? If Ecuador wins the Ecuador vs Germany professional FIFA World Cup soccer game originally scheduled for Jun 25, 2026 after 90 minutes plus stoppage time (does not include extra time or penalties), then the market resolves to Yes....",qisongqiao,2026-06-22T12:14:08Z,User approved all strict suggested mappings on 2026-06-22T12:14:08Z; source run_id=mapping-fix-classifier-20260621T122459Z; match_score=100.0.
fifwc-ecu-ger-2026-06-25-ger__kxwcgame-26jun25ecuger-ger,approved,Ecuador vs. Germany,Germany to win in regular time,0xe690620297dfea974d20df84b4cf90460e46a26ec864353482717b90509a3c0b,fifwc-ecu-ger-2026-06-25-ger,101279272797775203956659007084828831261331275405585994446661991301016814257223,12895713634933367223676558147527749758143822673340639855731583908529004951892,Yes,No,KXWCGAME-26JUN25ECUGER-GER,draw/Tie is a separate outcome; team-winner markets resolve No on draw,regular time plus stoppage time only; extra time excluded,penalties excluded,"Approved strict automated match suggestion with match_score=100. Both normalized summaries indicate regular time plus stoppage time only; extra time and penalties are excluded. Draw/Tie is modeled as a separate outcome, so team-winner propositions resolve No on draw. Polymarket summary: Will Germany win on 2026-06-25? In the upcoming game, scheduled for June 25, 2026 If Germany wins, this market will resolve to ""Yes"". Otherwise, this market will resolve to ""No"". If the game is postponed, this market will remain open until the game has been... Kalshi summary: Ecuador vs Germany Winner? If Germany wins the Ecuador vs Germany professional FIFA World Cup soccer game originally scheduled for Jun 25, 2026 after 90 minutes plus stoppage time (does not include extra time or penalties), then the market resolves to Yes....",qisongqiao,2026-06-22T12:14:08Z,User approved all strict suggested mappings on 2026-06-22T12:14:08Z; source run_id=mapping-fix-classifier-20260621T122459Z; match_score=100.0.
fifwc-ecu-ger-2026-06-25-draw__kxwcgame-26jun25ecuger-tie,approved,Ecuador vs. Germany,Ecuador vs. Germany to end in a draw in regular time,0x6257ac3bdd0b512bd6470c21d5dc99ed12ef42b5fd9ad6078fad24d351ebda5c,fifwc-ecu-ger-2026-06-25-draw,9059650700126795019827485089957938050581213031053374092199507389736394347163,65241393730634758935193149676394115981683248227949919973281090224372225677669,Yes,No,KXWCGAME-26JUN25ECUGER-TIE,draw/Tie is a separate outcome; team-winner markets resolve No on draw,regular time plus stoppage time only; extra time excluded,penalties excluded,"Approved strict automated match suggestion with match_score=100. Both normalized summaries indicate regular time plus stoppage time only; extra time and penalties are excluded. Draw/Tie is modeled as a separate outcome, so team-winner propositions resolve No on draw. Polymarket summary: Will Ecuador vs. Germany end in a draw? In the upcoming game, scheduled for June 25, 2026 If the game ends in a draw, this market will resolve to ""Yes"". Otherwise, this market will resolve to ""No"". If the game is postponed, this market will remain open unti... Kalshi summary: Ecuador vs Germany Winner? If Tie wins the Ecuador vs Germany professional FIFA World Cup soccer game originally scheduled for Jun 25, 2026 after 90 minutes plus stoppage time (does not include extra time or penalties), then the market resolves to Yes. The...",qisongqiao,2026-06-22T12:14:08Z,User approved all strict suggested mappings on 2026-06-22T12:14:08Z; source run_id=mapping-fix-classifier-20260621T122459Z; match_score=100.0.
fifwc-eng-gha-2026-06-23-eng__kxwcgame-26jun23enggha-eng,approved,England vs. Ghana,England to win in regular time,0xff1ec56e0e47033727e33deab740896fbf1c6bb8a2b0068efdba3d900c7ba7a2,fifwc-eng-gha-2026-06-23-eng,63611572432092712507452794046269856873324193737948513078896856667745770559698,81750077792759682980090397689070964226412046195389028523769479713426985687572,Yes,No,KXWCGAME-26JUN23ENGGHA-ENG,draw/Tie is a separate outcome; team-winner markets resolve No on draw,regular time plus stoppage time only; extra time excluded,penalties excluded,"Approved strict automated match suggestion with match_score=100. Both normalized summaries indicate regular time plus stoppage time only; extra time and penalties are excluded. Draw/Tie is modeled as a separate outcome, so team-winner propositions resolve No on draw. Polymarket summary: Will England win on 2026-06-23? In the upcoming game, scheduled for June 23, 2026 If England wins, this market will resolve to ""Yes"". Otherwise, this market will resolve to ""No"". If the game is postponed, this market will remain open until the game has been... Kalshi summary: England vs Ghana Winner? If England wins the England vs Ghana professional FIFA World Cup soccer game originally scheduled for Jun 23, 2026 after 90 minutes plus stoppage time (does not include extra time or penalties), then the market resolves to Yes. The...",qisongqiao,2026-06-22T12:14:08Z,User approved all strict suggested mappings on 2026-06-22T12:14:08Z; source run_id=mapping-fix-classifier-20260621T122459Z; match_score=100.0.
fifwc-eng-gha-2026-06-23-gha__kxwcgame-26jun23enggha-gha,approved,England vs. Ghana,Ghana to win in regular time,0x66b7ad48448f8846395b8df8edb5f20f99bed8e79928b1b9d2cf3a19d70dbdf8,fifwc-eng-gha-2026-06-23-gha,111239697803361919523803068759725643725914563280609261384832780529311817077235,55378084779279061925670956253014301111841794660392042624001683483413192852659,Yes,No,KXWCGAME-26JUN23ENGGHA-GHA,draw/Tie is a separate outcome; team-winner markets resolve No on draw,regular time plus stoppage time only; extra time excluded,penalties excluded,"Approved strict automated match suggestion with match_score=100. Both normalized summaries indicate regular time plus stoppage time only; extra time and penalties are excluded. Draw/Tie is modeled as a separate outcome, so team-winner propositions resolve No on draw. Polymarket summary: Will Ghana win on 2026-06-23? In the upcoming game, scheduled for June 23, 2026 If Ghana wins, this market will resolve to ""Yes"". Otherwise, this market will resolve to ""No"". If the game is postponed, this market will remain open until the game has been com... Kalshi summary: England vs Ghana Winner? If Ghana wins the England vs Ghana professional FIFA World Cup soccer game originally scheduled for Jun 23, 2026 after 90 minutes plus stoppage time (does not include extra time or penalties), then the market resolves to Yes. The fo...",qisongqiao,2026-06-22T12:14:08Z,User approved all strict suggested mappings on 2026-06-22T12:14:08Z; source run_id=mapping-fix-classifier-20260621T122459Z; match_score=100.0.
fifwc-eng-gha-2026-06-23-draw__kxwcgame-26jun23enggha-tie,approved,England vs. Ghana,England vs. Ghana to end in a draw in regular time,0x17d821a9197f8de3acbb8a0140e70cea9461e95871c58ae7aa9c608d53ad00d0,fifwc-eng-gha-2026-06-23-draw,113575947344702991323223447752604645066262694843576298874524902811228579544185,100271816376241251014968205943425335239986161152505983067018696271142538695180,Yes,No,KXWCGAME-26JUN23ENGGHA-TIE,draw/Tie is a separate outcome; team-winner markets resolve No on draw,regular time plus stoppage time only; extra time excluded,penalties excluded,"Approved strict automated match suggestion with match_score=100. Both normalized summaries indicate regular time plus stoppage time only; extra time and penalties are excluded. Draw/Tie is modeled as a separate outcome, so team-winner propositions resolve No on draw. Polymarket summary: Will England vs. Ghana end in a draw? In the upcoming game, scheduled for June 23, 2026 If the game ends in a draw, this market will resolve to ""Yes"". Otherwise, this market will resolve to ""No"". If the game is postponed, this market will remain open until... Kalshi summary: England vs Ghana Winner? If Tie wins the England vs Ghana professional FIFA World Cup soccer game originally scheduled for Jun 23, 2026 after 90 minutes plus stoppage time (does not include extra time or penalties), then the market resolves to Yes. The foll...",qisongqiao,2026-06-22T12:14:08Z,User approved all strict suggested mappings on 2026-06-22T12:14:08Z; source run_id=mapping-fix-classifier-20260621T122459Z; match_score=100.0.
fifwc-jor-alg-2026-06-22-alg__kxwcgame-26jun22jordza-dza,approved,Jordan vs. Algeria,Algeria to win in regular time,0x0d2071920da35396162280a1af346e1f799ed45e019ed43fae0c88dc1ac4b4d6,fifwc-jor-alg-2026-06-22-alg,115548088586633825662425519500723984422794579404944891967166045543435931523785,32058851221679529974818014567841951405353890461559999844883230561953635888318,Yes,No,KXWCGAME-26JUN22JORDZA-DZA,draw/Tie is a separate outcome; team-winner markets resolve No on draw,regular time plus stoppage time only; extra time excluded,penalties excluded,"Approved strict automated match suggestion with match_score=100. Both normalized summaries indicate regular time plus stoppage time only; extra time and penalties are excluded. Draw/Tie is modeled as a separate outcome, so team-winner propositions resolve No on draw. Polymarket summary: Will Algeria win on 2026-06-22? In the upcoming game, scheduled for June 22, 2026 If Algeria wins, this market will resolve to ""Yes"". Otherwise, this market will resolve to ""No"". If the game is postponed, this market will remain open until the game has been... Kalshi summary: Jordan vs Algeria Winner? If Algeria wins the Jordan vs Algeria professional FIFA World Cup soccer game originally scheduled for Jun 22, 2026 after 90 minutes plus stoppage time (does not include extra time or penalties), then the market resolves to Yes. Th...",qisongqiao,2026-06-22T12:14:08Z,User approved all strict suggested mappings on 2026-06-22T12:14:08Z; source run_id=mapping-fix-classifier-20260621T122459Z; match_score=100.0.
fifwc-jor-alg-2026-06-22-jor__kxwcgame-26jun22jordza-jor,approved,Jordan vs. Algeria,Jordan to win in regular time,0xaffbeeaef4c956c9e55932d3384eb7ad02640d6a421f3e749f208cb9047cf982,fifwc-jor-alg-2026-06-22-jor,79556419900577322611626767862690562089176805129072624901443226554922952966745,36847736282575028050380699257087444246635666164497266805183508721147599183855,Yes,No,KXWCGAME-26JUN22JORDZA-JOR,draw/Tie is a separate outcome; team-winner markets resolve No on draw,regular time plus stoppage time only; extra time excluded,penalties excluded,"Approved strict automated match suggestion with match_score=100. Both normalized summaries indicate regular time plus stoppage time only; extra time and penalties are excluded. Draw/Tie is modeled as a separate outcome, so team-winner propositions resolve No on draw. Polymarket summary: Will Jordan win on 2026-06-22? In the upcoming game, scheduled for June 22, 2026 If Jordan wins, this market will resolve to ""Yes"". Otherwise, this market will resolve to ""No"". If the game is postponed, this market will remain open until the game has been c... Kalshi summary: Jordan vs Algeria Winner? If Jordan wins the Jordan vs Algeria professional FIFA World Cup soccer game originally scheduled for Jun 22, 2026 after 90 minutes plus stoppage time (does not include extra time or penalties), then the market resolves to Yes. The...",qisongqiao,2026-06-22T12:14:08Z,User approved all strict suggested mappings on 2026-06-22T12:14:08Z; source run_id=mapping-fix-classifier-20260621T122459Z; match_score=100.0.
fifwc-jor-alg-2026-06-22-draw__kxwcgame-26jun22jordza-tie,approved,Jordan vs. Algeria,Jordan vs. Algeria to end in a draw in regular time,0x26954c84bed166fa0da034c310e3bd62e7afa32d299314c352bc32eb08e5a210,fifwc-jor-alg-2026-06-22-draw,1769702396265889184498190792362704022902870513706256830724500024171753050535,97991483700712782681079073199922922316274277060397927741575975439755123554167,Yes,No,KXWCGAME-26JUN22JORDZA-TIE,draw/Tie is a separate outcome; team-winner markets resolve No on draw,regular time plus stoppage time only; extra time excluded,penalties excluded,"Approved strict automated match suggestion with match_score=100. Both normalized summaries indicate regular time plus stoppage time only; extra time and penalties are excluded. Draw/Tie is modeled as a separate outcome, so team-winner propositions resolve No on draw. Polymarket summary: Will Jordan vs. Algeria end in a draw? In the upcoming game, scheduled for June 22, 2026 If the game ends in a draw, this market will resolve to ""Yes"". Otherwise, this market will resolve to ""No"". If the game is postponed, this market will remain open until... Kalshi summary: Jordan vs Algeria Winner? If Tie wins the Jordan vs Algeria professional FIFA World Cup soccer game originally scheduled for Jun 22, 2026 after 90 minutes plus stoppage time (does not include extra time or penalties), then the market resolves to Yes. The fo...",qisongqiao,2026-06-22T12:14:08Z,User approved all strict suggested mappings on 2026-06-22T12:14:08Z; source run_id=mapping-fix-classifier-20260621T122459Z; match_score=100.0.
fifwc-nzl-bel-2026-06-26-bel__kxwcgame-26jun26nzlbel-bel,approved,New Zealand vs. Belgium,Belgium to win in regular time,0xd01a16e5adf6934d12c7a0e9875332356f74289ae6652a57aacb853e252fbbf4,fifwc-nzl-bel-2026-06-26-bel,56919576321692543804120333477806892227587677219602902701553511079254437421526,80404137496889918987099302758082937219505143289499451972493846718596937027624,Yes,No,KXWCGAME-26JUN26NZLBEL-BEL,draw/Tie is a separate outcome; team-winner markets resolve No on draw,regular time plus stoppage time only; extra time excluded,penalties excluded,"Approved strict automated match suggestion with match_score=100. Both normalized summaries indicate regular time plus stoppage time only; extra time and penalties are excluded. Draw/Tie is modeled as a separate outcome, so team-winner propositions resolve No on draw. Polymarket summary: Will Belgium win on 2026-06-26? In the upcoming game, scheduled for June 26, 2026 If Belgium wins, this market will resolve to ""Yes"". Otherwise, this market will resolve to ""No"". If the game is postponed, this market will remain open until the game has been... Kalshi summary: New Zealand vs Belgium Winner? If Belgium wins the New Zealand vs Belgium professional FIFA World Cup soccer game originally scheduled for Jun 26, 2026 after 90 minutes plus stoppage time (does not include extra time or penalties), then the market resolves...",qisongqiao,2026-06-22T12:14:08Z,User approved all strict suggested mappings on 2026-06-22T12:14:08Z; source run_id=mapping-fix-classifier-20260621T122459Z; match_score=100.0.
fifwc-nzl-bel-2026-06-26-nzl__kxwcgame-26jun26nzlbel-nzl,approved,New Zealand vs. Belgium,New Zealand to win in regular time,0x6c3c1eb9055cf4ff809b8d4f26a8ef56e11e17c184da687353927de474615746,fifwc-nzl-bel-2026-06-26-nzl,51519876214140449660166550584440656906007152566889523395451234960389805633766,49905530567718027436051015027873733460916135514428443011092801326474984798014,Yes,No,KXWCGAME-26JUN26NZLBEL-NZL,draw/Tie is a separate outcome; team-winner markets resolve No on draw,regular time plus stoppage time only; extra time excluded,penalties excluded,"Approved strict automated match suggestion with match_score=100. Both normalized summaries indicate regular time plus stoppage time only; extra time and penalties are excluded. Draw/Tie is modeled as a separate outcome, so team-winner propositions resolve No on draw. Polymarket summary: Will New Zealand win on 2026-06-26? In the upcoming game, scheduled for June 26, 2026 If New Zealand wins, this market will resolve to ""Yes"". Otherwise, this market will resolve to ""No"". If the game is postponed, this market will remain open until the game... Kalshi summary: New Zealand vs Belgium Winner? If New Zealand wins the New Zealand vs Belgium professional FIFA World Cup soccer game originally scheduled for Jun 26, 2026 after 90 minutes plus stoppage time (does not include extra time or penalties), then the market resol...",qisongqiao,2026-06-22T12:14:08Z,User approved all strict suggested mappings on 2026-06-22T12:14:08Z; source run_id=mapping-fix-classifier-20260621T122459Z; match_score=100.0.
fifwc-nzl-bel-2026-06-26-draw__kxwcgame-26jun26nzlbel-tie,approved,New Zealand vs. Belgium,New Zealand vs. Belgium to end in a draw in regular time,0xf6fe0dfcb5be2f8e961972059e42700713164673bc7463a28d029602b5e3df18,fifwc-nzl-bel-2026-06-26-draw,62409843405324454061803814330319520418244336052868125219110920850254110405657,72129100746150509215820919435026488891013808822405511213308920406847637662260,Yes,No,KXWCGAME-26JUN26NZLBEL-TIE,draw/Tie is a separate outcome; team-winner markets resolve No on draw,regular time plus stoppage time only; extra time excluded,penalties excluded,"Approved strict automated match suggestion with match_score=100. Both normalized summaries indicate regular time plus stoppage time only; extra time and penalties are excluded. Draw/Tie is modeled as a separate outcome, so team-winner propositions resolve No on draw. Polymarket summary: Will New Zealand vs. Belgium end in a draw? In the upcoming game, scheduled for June 26, 2026 If the game ends in a draw, this market will resolve to ""Yes"". Otherwise, this market will resolve to ""No"". If the game is postponed, this market will remain open... Kalshi summary: New Zealand vs Belgium Winner? If Tie wins the New Zealand vs Belgium professional FIFA World Cup soccer game originally scheduled for Jun 26, 2026 after 90 minutes plus stoppage time (does not include extra time or penalties), then the market resolves to Y...",qisongqiao,2026-06-22T12:14:08Z,User approved all strict suggested mappings on 2026-06-22T12:14:08Z; source run_id=mapping-fix-classifier-20260621T122459Z; match_score=100.0.
fifwc-nzl-egy-2026-06-21-egy__kxwcgame-26jun21nzlegy-egy,approved,New Zealand vs. Egypt,Egypt to win in regular time,0x16c981b47490212bbb7d70edcccc419a84ff5771bc85c1b7abae37128975953e,fifwc-nzl-egy-2026-06-21-egy,13689393741027779813840434297856122590360803048059505899834082936957632248186,111066715970810850682383696826139748456099521919208300845983941220692180069978,Yes,No,KXWCGAME-26JUN21NZLEGY-EGY,draw/Tie is a separate outcome; team-winner markets resolve No on draw,regular time plus stoppage time only; extra time excluded,penalties excluded,"Approved strict automated match suggestion with match_score=100. Both normalized summaries indicate regular time plus stoppage time only; extra time and penalties are excluded. Draw/Tie is modeled as a separate outcome, so team-winner propositions resolve No on draw. Polymarket summary: Will Egypt win on 2026-06-21? In the upcoming game, scheduled for June 21, 2026 If Egypt wins, this market will resolve to ""Yes"". Otherwise, this market will resolve to ""No"". If the game is postponed, this market will remain open until the game has been com... Kalshi summary: New Zealand vs Egypt Winner? If Egypt wins the New Zealand vs Egypt professional FIFA World Cup soccer game originally scheduled for Jun 21, 2026 after 90 minutes plus stoppage time (does not include extra time or penalties), then the market resolves to Yes...",qisongqiao,2026-06-22T12:14:08Z,User approved all strict suggested mappings on 2026-06-22T12:14:08Z; source run_id=mapping-fix-classifier-20260621T122459Z; match_score=100.0.
fifwc-nzl-egy-2026-06-21-nzl__kxwcgame-26jun21nzlegy-nzl,approved,New Zealand vs. Egypt,New Zealand to win in regular time,0x3a3de929cb6fb7a4eff6aeae1b515895de1e358ed9a2adc24eb04862251d132d,fifwc-nzl-egy-2026-06-21-nzl,33714788520669769280954321212574588471029548850737990640617719122550413982550,27192655028794254768955907387839340966462202445122117815925609436544522436508,Yes,No,KXWCGAME-26JUN21NZLEGY-NZL,draw/Tie is a separate outcome; team-winner markets resolve No on draw,regular time plus stoppage time only; extra time excluded,penalties excluded,"Approved strict automated match suggestion with match_score=100. Both normalized summaries indicate regular time plus stoppage time only; extra time and penalties are excluded. Draw/Tie is modeled as a separate outcome, so team-winner propositions resolve No on draw. Polymarket summary: Will New Zealand win on 2026-06-21? In the upcoming game, scheduled for June 21, 2026 If New Zealand wins, this market will resolve to ""Yes"". Otherwise, this market will resolve to ""No"". If the game is postponed, this market will remain open until the game... Kalshi summary: New Zealand vs Egypt Winner? If New Zealand wins the New Zealand vs Egypt professional FIFA World Cup soccer game originally scheduled for Jun 21, 2026 after 90 minutes plus stoppage time (does not include extra time or penalties), then the market resolves...",qisongqiao,2026-06-22T12:14:08Z,User approved all strict suggested mappings on 2026-06-22T12:14:08Z; source run_id=mapping-fix-classifier-20260621T122459Z; match_score=100.0.
fifwc-nzl-egy-2026-06-21-draw__kxwcgame-26jun21nzlegy-tie,approved,New Zealand vs. Egypt,New Zealand vs. Egypt to end in a draw in regular time,0x0f8de21a80996a54ced1327cbf4e0702d417e1f49ec6ebe267bc5664c7f36d90,fifwc-nzl-egy-2026-06-21-draw,106573441938278169951840270152617513270375496735835936558802812191575117517631,112742077818490907778836571348471704166987716125074637739298651389626580317059,Yes,No,KXWCGAME-26JUN21NZLEGY-TIE,draw/Tie is a separate outcome; team-winner markets resolve No on draw,regular time plus stoppage time only; extra time excluded,penalties excluded,"Approved strict automated match suggestion with match_score=100. Both normalized summaries indicate regular time plus stoppage time only; extra time and penalties are excluded. Draw/Tie is modeled as a separate outcome, so team-winner propositions resolve No on draw. Polymarket summary: Will New Zealand vs. Egypt end in a draw? In the upcoming game, scheduled for June 21, 2026 If the game ends in a draw, this market will resolve to ""Yes"". Otherwise, this market will resolve to ""No"". If the game is postponed, this market will remain open un... Kalshi summary: New Zealand vs Egypt Winner? If Tie wins the New Zealand vs Egypt professional FIFA World Cup soccer game originally scheduled for Jun 21, 2026 after 90 minutes plus stoppage time (does not include extra time or penalties), then the market resolves to Yes....",qisongqiao,2026-06-22T12:14:08Z,User approved all strict suggested mappings on 2026-06-22T12:14:08Z; source run_id=mapping-fix-classifier-20260621T122459Z; match_score=100.0.
fifwc-nor-fra-2026-06-26-fra__kxwcgame-26jun26norfra-fra,approved,Norway vs. France,France to win in regular time,0x09620e07d807241bb41e5cf07d42dfd3e08943ee39e5c93ae3890e3b6164822e,fifwc-nor-fra-2026-06-26-fra,24577773509300358817327680170546846259151744300648018180120742538153285610470,78446213956623244937436196998053622507166694969601673053021357125863304081065,Yes,No,KXWCGAME-26JUN26NORFRA-FRA,draw/Tie is a separate outcome; team-winner markets resolve No on draw,regular time plus stoppage time only; extra time excluded,penalties excluded,"Approved strict automated match suggestion with match_score=100. Both normalized summaries indicate regular time plus stoppage time only; extra time and penalties are excluded. Draw/Tie is modeled as a separate outcome, so team-winner propositions resolve No on draw. Polymarket summary: Will France win on 2026-06-26? In the upcoming game, scheduled for June 26, 2026 If France wins, this market will resolve to ""Yes"". Otherwise, this market will resolve to ""No"". If the game is postponed, this market will remain open until the game has been c... Kalshi summary: Norway vs France Winner? If France wins the Norway vs France professional FIFA World Cup soccer game originally scheduled for Jun 26, 2026 after 90 minutes plus stoppage time (does not include extra time or penalties), then the market resolves to Yes. The f...",qisongqiao,2026-06-22T12:14:08Z,User approved all strict suggested mappings on 2026-06-22T12:14:08Z; source run_id=mapping-fix-classifier-20260621T122459Z; match_score=100.0.
fifwc-nor-fra-2026-06-26-nor__kxwcgame-26jun26norfra-nor,approved,Norway vs. France,Norway to win in regular time,0x057885f5f49261eb41504e24899a88e53cb364ddf95e3c0df5608200feaddff8,fifwc-nor-fra-2026-06-26-nor,13720141007204726132976932163658350553917819242912487119786312240512385978016,16119210930175526417133526915512164757091560404529349701289609211602023176866,Yes,No,KXWCGAME-26JUN26NORFRA-NOR,draw/Tie is a separate outcome; team-winner markets resolve No on draw,regular time plus stoppage time only; extra time excluded,penalties excluded,"Approved strict automated match suggestion with match_score=100. Both normalized summaries indicate regular time plus stoppage time only; extra time and penalties are excluded. Draw/Tie is modeled as a separate outcome, so team-winner propositions resolve No on draw. Polymarket summary: Will Norway win on 2026-06-26? In the upcoming game, scheduled for June 26, 2026 If Norway wins, this market will resolve to ""Yes"". Otherwise, this market will resolve to ""No"". If the game is postponed, this market will remain open until the game has been c... Kalshi summary: Norway vs France Winner? If Norway wins the Norway vs France professional FIFA World Cup soccer game originally scheduled for Jun 26, 2026 after 90 minutes plus stoppage time (does not include extra time or penalties), then the market resolves to Yes. The f...",qisongqiao,2026-06-22T12:14:08Z,User approved all strict suggested mappings on 2026-06-22T12:14:08Z; source run_id=mapping-fix-classifier-20260621T122459Z; match_score=100.0.
fifwc-nor-fra-2026-06-26-draw__kxwcgame-26jun26norfra-tie,approved,Norway vs. France,Norway vs. France to end in a draw in regular time,0x0061b1d4b49c44a05365d60389167968baf42f2b1ab99c3d8b80a8554980d9e8,fifwc-nor-fra-2026-06-26-draw,67725404666433555568518066011245937746455974844800713635030484522525394449095,60079207812841756026197748640906076867485158811201408494886660329699481296945,Yes,No,KXWCGAME-26JUN26NORFRA-TIE,draw/Tie is a separate outcome; team-winner markets resolve No on draw,regular time plus stoppage time only; extra time excluded,penalties excluded,"Approved strict automated match suggestion with match_score=100. Both normalized summaries indicate regular time plus stoppage time only; extra time and penalties are excluded. Draw/Tie is modeled as a separate outcome, so team-winner propositions resolve No on draw. Polymarket summary: Will Norway vs. France end in a draw? In the upcoming game, scheduled for June 26, 2026 If the game ends in a draw, this market will resolve to ""Yes"". Otherwise, this market will resolve to ""No"". If the game is postponed, this market will remain open until... Kalshi summary: Norway vs France Winner? If Tie wins the Norway vs France professional FIFA World Cup soccer game originally scheduled for Jun 26, 2026 after 90 minutes plus stoppage time (does not include extra time or penalties), then the market resolves to Yes. The foll...",qisongqiao,2026-06-22T12:14:08Z,User approved all strict suggested mappings on 2026-06-22T12:14:08Z; source run_id=mapping-fix-classifier-20260621T122459Z; match_score=100.0.
fifwc-nor-sen-2026-06-22-nor__kxwcgame-26jun22norsen-nor,approved,Norway vs. Senegal,Norway to win in regular time,0x9814196ae917e1c962ce23612be50554586828a996b06c800d502a137001bc25,fifwc-nor-sen-2026-06-22-nor,87342664839192211473271920800753463563092786516324349723605782526214890691197,77014409216289991971560077047360031931406949774158043029274223496978646301102,Yes,No,KXWCGAME-26JUN22NORSEN-NOR,draw/Tie is a separate outcome; team-winner markets resolve No on draw,regular time plus stoppage time only; extra time excluded,penalties excluded,"Approved strict automated match suggestion with match_score=100. Both normalized summaries indicate regular time plus stoppage time only; extra time and penalties are excluded. Draw/Tie is modeled as a separate outcome, so team-winner propositions resolve No on draw. Polymarket summary: Will Norway win on 2026-06-22? In the upcoming game, scheduled for June 22, 2026 If Norway wins, this market will resolve to ""Yes"". Otherwise, this market will resolve to ""No"". If the game is postponed, this market will remain open until the game has been c... Kalshi summary: Norway vs Senegal Winner? If Norway wins the Norway vs Senegal professional FIFA World Cup soccer game originally scheduled for Jun 22, 2026 after 90 minutes plus stoppage time (does not include extra time or penalties), then the market resolves to Yes. The...",qisongqiao,2026-06-22T12:14:08Z,User approved all strict suggested mappings on 2026-06-22T12:14:08Z; source run_id=mapping-fix-classifier-20260621T122459Z; match_score=100.0.
fifwc-nor-sen-2026-06-22-sen__kxwcgame-26jun22norsen-sen,approved,Norway vs. Senegal,Senegal to win in regular time,0x6a6255f95ea0e78d9e8d016908e386989e3e92ef5127b56c7234bd5eafbb3dc5,fifwc-nor-sen-2026-06-22-sen,41610575626461486529455331665861057346399083513953711754678027926024708412903,42601592149708068555653966884795921018062060809237574501620106435927110145094,Yes,No,KXWCGAME-26JUN22NORSEN-SEN,draw/Tie is a separate outcome; team-winner markets resolve No on draw,regular time plus stoppage time only; extra time excluded,penalties excluded,"Approved strict automated match suggestion with match_score=100. Both normalized summaries indicate regular time plus stoppage time only; extra time and penalties are excluded. Draw/Tie is modeled as a separate outcome, so team-winner propositions resolve No on draw. Polymarket summary: Will Senegal win on 2026-06-22? In the upcoming game, scheduled for June 22, 2026 If Senegal wins, this market will resolve to ""Yes"". Otherwise, this market will resolve to ""No"". If the game is postponed, this market will remain open until the game has been... Kalshi summary: Norway vs Senegal Winner? If Senegal wins the Norway vs Senegal professional FIFA World Cup soccer game originally scheduled for Jun 22, 2026 after 90 minutes plus stoppage time (does not include extra time or penalties), then the market resolves to Yes. Th...",qisongqiao,2026-06-22T12:14:08Z,User approved all strict suggested mappings on 2026-06-22T12:14:08Z; source run_id=mapping-fix-classifier-20260621T122459Z; match_score=100.0.
fifwc-nor-sen-2026-06-22-draw__kxwcgame-26jun22norsen-tie,approved,Norway vs. Senegal,Norway vs. Senegal to end in a draw in regular time,0x7e88fd883e66a95417ac88e33876c14479a06e7aaae4c23494233622e2ee0467,fifwc-nor-sen-2026-06-22-draw,12958252976539629930654162912931008487270492230310027375150666031145896793768,11568962188977295355406919892134299210864319746561419828875246092386820166351,Yes,No,KXWCGAME-26JUN22NORSEN-TIE,draw/Tie is a separate outcome; team-winner markets resolve No on draw,regular time plus stoppage time only; extra time excluded,penalties excluded,"Approved strict automated match suggestion with match_score=100. Both normalized summaries indicate regular time plus stoppage time only; extra time and penalties are excluded. Draw/Tie is modeled as a separate outcome, so team-winner propositions resolve No on draw. Polymarket summary: Will Norway vs. Senegal end in a draw? In the upcoming game, scheduled for June 22, 2026 If the game ends in a draw, this market will resolve to ""Yes"". Otherwise, this market will resolve to ""No"". If the game is postponed, this market will remain open until... Kalshi summary: Norway vs Senegal Winner? If Tie wins the Norway vs Senegal professional FIFA World Cup soccer game originally scheduled for Jun 22, 2026 after 90 minutes plus stoppage time (does not include extra time or penalties), then the market resolves to Yes. The fo...",qisongqiao,2026-06-22T12:14:08Z,User approved all strict suggested mappings on 2026-06-22T12:14:08Z; source run_id=mapping-fix-classifier-20260621T122459Z; match_score=100.0.
fifwc-par-aus-2026-06-25-aus__kxwcgame-26jun25paraus-aus,approved,Paraguay vs. Australia,Australia to win in regular time,0x65d30f3d41bbab278c2108ab0883d7ae1a9fac97a2086542a975d885a9c72dba,fifwc-par-aus-2026-06-25-aus,21990437237634439641535931317392242133464382121486985420713435551817663743535,13781028255966108878947115970518171222009561843135611562663265194135526925602,Yes,No,KXWCGAME-26JUN25PARAUS-AUS,draw/Tie is a separate outcome; team-winner markets resolve No on draw,regular time plus stoppage time only; extra time excluded,penalties excluded,"Approved strict automated match suggestion with match_score=100. Both normalized summaries indicate regular time plus stoppage time only; extra time and penalties are excluded. Draw/Tie is modeled as a separate outcome, so team-winner propositions resolve No on draw. Polymarket summary: Will Australia win on 2026-06-25? In the upcoming game, scheduled for June 25, 2026 If Australia wins, this market will resolve to ""Yes"". Otherwise, this market will resolve to ""No"". If the game is postponed, this market will remain open until the game has... Kalshi summary: Paraguay vs Australia Winner? If Australia wins the Paraguay vs Australia professional FIFA World Cup soccer game originally scheduled for Jun 25, 2026 after 90 minutes plus stoppage time (does not include extra time or penalties), then the market resolves...",qisongqiao,2026-06-22T12:14:08Z,User approved all strict suggested mappings on 2026-06-22T12:14:08Z; source run_id=mapping-fix-classifier-20260621T122459Z; match_score=100.0.
fifwc-par-aus-2026-06-25-par__kxwcgame-26jun25paraus-par,approved,Paraguay vs. Australia,Paraguay to win in regular time,0x75d91cd268cec8d688b8a7e543b149700bf45d9f62e9fffa479b18f19a60a63e,fifwc-par-aus-2026-06-25-par,49296719184627637111102906756410924588753297305614598618877406701338912319300,71701414241352102562164693841750030754856523813557047064937648663255287733448,Yes,No,KXWCGAME-26JUN25PARAUS-PAR,draw/Tie is a separate outcome; team-winner markets resolve No on draw,regular time plus stoppage time only; extra time excluded,penalties excluded,"Approved strict automated match suggestion with match_score=100. Both normalized summaries indicate regular time plus stoppage time only; extra time and penalties are excluded. Draw/Tie is modeled as a separate outcome, so team-winner propositions resolve No on draw. Polymarket summary: Will Paraguay win on 2026-06-25? In the upcoming game, scheduled for June 25, 2026 If Paraguay wins, this market will resolve to ""Yes"". Otherwise, this market will resolve to ""No"". If the game is postponed, this market will remain open until the game has be... Kalshi summary: Paraguay vs Australia Winner? If Paraguay wins the Paraguay vs Australia professional FIFA World Cup soccer game originally scheduled for Jun 25, 2026 after 90 minutes plus stoppage time (does not include extra time or penalties), then the market resolves t...",qisongqiao,2026-06-22T12:14:08Z,User approved all strict suggested mappings on 2026-06-22T12:14:08Z; source run_id=mapping-fix-classifier-20260621T122459Z; match_score=100.0.
fifwc-par-aus-2026-06-25-draw__kxwcgame-26jun25paraus-tie,approved,Paraguay vs. Australia,Paraguay vs. Australia to end in a draw in regular time,0x73cdf481e0d213e3ad3b2c096ad9dfea604b6587900419d0a214aac966c68988,fifwc-par-aus-2026-06-25-draw,37005314859048726898779825465316653816506760625587636277026357315052111971182,39257170622508091559246576436121952160758260028144398031629886156647245077470,Yes,No,KXWCGAME-26JUN25PARAUS-TIE,draw/Tie is a separate outcome; team-winner markets resolve No on draw,regular time plus stoppage time only; extra time excluded,penalties excluded,"Approved strict automated match suggestion with match_score=100. Both normalized summaries indicate regular time plus stoppage time only; extra time and penalties are excluded. Draw/Tie is modeled as a separate outcome, so team-winner propositions resolve No on draw. Polymarket summary: Will Paraguay vs. Australia end in a draw? In the upcoming game, scheduled for June 25, 2026 If the game ends in a draw, this market will resolve to ""Yes"". Otherwise, this market will resolve to ""No"". If the game is postponed, this market will remain open u... Kalshi summary: Paraguay vs Australia Winner? If Tie wins the Paraguay vs Australia professional FIFA World Cup soccer game originally scheduled for Jun 25, 2026 after 90 minutes plus stoppage time (does not include extra time or penalties), then the market resolves to Yes...",qisongqiao,2026-06-22T12:14:08Z,User approved all strict suggested mappings on 2026-06-22T12:14:08Z; source run_id=mapping-fix-classifier-20260621T122459Z; match_score=100.0.
fifwc-prt-uzb-2026-06-23-prt__kxwcgame-26jun23poruzb-por,approved,Portugal vs. Uzbekistan,Portugal to win in regular time,0x7fb8010a0cdc4ac4f7e93fb7a532731fbb81f951dd451f2402648eaa3cf285e1,fifwc-prt-uzb-2026-06-23-prt,46788745865873849751895851580006231458025441200398102606849707486161173481896,49345825332372730347978355238185144259194455124479271140856628847570082902553,Yes,No,KXWCGAME-26JUN23PORUZB-POR,draw/Tie is a separate outcome; team-winner markets resolve No on draw,regular time plus stoppage time only; extra time excluded,penalties excluded,"Approved strict automated match suggestion with match_score=100. Both normalized summaries indicate regular time plus stoppage time only; extra time and penalties are excluded. Draw/Tie is modeled as a separate outcome, so team-winner propositions resolve No on draw. Polymarket summary: Will Portugal win on 2026-06-23? In the upcoming game, scheduled for June 23, 2026 If Portugal wins, this market will resolve to ""Yes"". Otherwise, this market will resolve to ""No"". If the game is postponed, this market will remain open until the game has be... Kalshi summary: Portugal vs Uzbekistan Winner? If Portugal wins the Portugal vs Uzbekistan professional FIFA World Cup soccer game originally scheduled for Jun 23, 2026 after 90 minutes plus stoppage time (does not include extra time or penalties), then the market resolves...",qisongqiao,2026-06-22T12:14:08Z,User approved all strict suggested mappings on 2026-06-22T12:14:08Z; source run_id=mapping-fix-classifier-20260621T122459Z; match_score=100.0.
fifwc-prt-uzb-2026-06-23-draw__kxwcgame-26jun23poruzb-tie,approved,Portugal vs. Uzbekistan,Portugal vs. Uzbekistan to end in a draw in regular time,0x3dac1c6e41591af519fee14c8b7e47022825b19e04e643b115ca407c6a722617,fifwc-prt-uzb-2026-06-23-draw,24809423528124284224090069515582587237857005059059577506414057066347413921482,23663301694236595111155828351969712969170006497681162131454126657414497047431,Yes,No,KXWCGAME-26JUN23PORUZB-TIE,draw/Tie is a separate outcome; team-winner markets resolve No on draw,regular time plus stoppage time only; extra time excluded,penalties excluded,"Approved strict automated match suggestion with match_score=100. Both normalized summaries indicate regular time plus stoppage time only; extra time and penalties are excluded. Draw/Tie is modeled as a separate outcome, so team-winner propositions resolve No on draw. Polymarket summary: Will Portugal vs. Uzbekistan end in a draw? In the upcoming game, scheduled for June 23, 2026 If the game ends in a draw, this market will resolve to ""Yes"". Otherwise, this market will resolve to ""No"". If the game is postponed, this market will remain open... Kalshi summary: Portugal vs Uzbekistan Winner? If Tie wins the Portugal vs Uzbekistan professional FIFA World Cup soccer game originally scheduled for Jun 23, 2026 after 90 minutes plus stoppage time (does not include extra time or penalties), then the market resolves to Y...",qisongqiao,2026-06-22T12:14:08Z,User approved all strict suggested mappings on 2026-06-22T12:14:08Z; source run_id=mapping-fix-classifier-20260621T122459Z; match_score=100.0.
fifwc-prt-uzb-2026-06-23-uzb__kxwcgame-26jun23poruzb-uzb,approved,Portugal vs. Uzbekistan,Uzbekistan to win in regular time,0x887f26cf6ab07f7aebdf203280c1f1cddbe1cd494f420316b94a2647238f48d1,fifwc-prt-uzb-2026-06-23-uzb,76563067682631227603609066044534706683559659816004868232381337856810074987695,9449986342017478798713442112910384623634548978290537569894054557482208417184,Yes,No,KXWCGAME-26JUN23PORUZB-UZB,draw/Tie is a separate outcome; team-winner markets resolve No on draw,regular time plus stoppage time only; extra time excluded,penalties excluded,"Approved strict automated match suggestion with match_score=100. Both normalized summaries indicate regular time plus stoppage time only; extra time and penalties are excluded. Draw/Tie is modeled as a separate outcome, so team-winner propositions resolve No on draw. Polymarket summary: Will Uzbekistan win on 2026-06-23? In the upcoming game, scheduled for June 23, 2026 If Uzbekistan wins, this market will resolve to ""Yes"". Otherwise, this market will resolve to ""No"". If the game is postponed, this market will remain open until the game ha... Kalshi summary: Portugal vs Uzbekistan Winner? If Uzbekistan wins the Portugal vs Uzbekistan professional FIFA World Cup soccer game originally scheduled for Jun 23, 2026 after 90 minutes plus stoppage time (does not include extra time or penalties), then the market resolv...",qisongqiao,2026-06-22T12:14:08Z,User approved all strict suggested mappings on 2026-06-22T12:14:08Z; source run_id=mapping-fix-classifier-20260621T122459Z; match_score=100.0.
fifwc-rsa-kr-2026-06-24-kr__kxwcgame-26jun24rsakor-kor,approved,South Africa vs. Korea Republic,Korea Republic to win in regular time,0x374d4c9c12e766653de985450899cf2181edf47189894bc9c870216b5c6b1d83,fifwc-rsa-kr-2026-06-24-kr,78041669573197271831143243516603089617333411410934465631182277350983388128942,29473126031526706025836696792917468880222204640428719477088563427254446303533,Yes,No,KXWCGAME-26JUN24RSAKOR-KOR,draw/Tie is a separate outcome; team-winner markets resolve No on draw,regular time plus stoppage time only; extra time excluded,penalties excluded,"Approved strict automated match suggestion with match_score=100. Both normalized summaries indicate regular time plus stoppage time only; extra time and penalties are excluded. Draw/Tie is modeled as a separate outcome, so team-winner propositions resolve No on draw. Polymarket summary: Will Korea Republic win on 2026-06-24? In the upcoming game, scheduled for June 24, 2026 If Korea Republic wins, this market will resolve to ""Yes"". Otherwise, this market will resolve to ""No"". If the game is postponed, this market will remain open until the... Kalshi summary: South Africa vs Korea Republic Winner? If Korea Republic wins the South Africa vs Korea Republic professional FIFA World Cup soccer game originally scheduled for Jun 24, 2026 after 90 minutes plus stoppage time (does not include extra time or penalties), th...",qisongqiao,2026-06-22T12:14:08Z,User approved all strict suggested mappings on 2026-06-22T12:14:08Z; source run_id=mapping-fix-classifier-20260621T122459Z; match_score=100.0.
fifwc-rsa-kr-2026-06-24-rsa__kxwcgame-26jun24rsakor-rsa,approved,South Africa vs. Korea Republic,South Africa to win in regular time,0xe9b6af2b81a59d36a47915db6f54b6af0e3dd19883382aacc41fe82e43cc2313,fifwc-rsa-kr-2026-06-24-rsa,58830526078196302612867530222421263708170468828968028907746961007548153805793,9692076597407606857277592395132233899602094977110147074543708875498698856347,Yes,No,KXWCGAME-26JUN24RSAKOR-RSA,draw/Tie is a separate outcome; team-winner markets resolve No on draw,regular time plus stoppage time only; extra time excluded,penalties excluded,"Approved strict automated match suggestion with match_score=100. Both normalized summaries indicate regular time plus stoppage time only; extra time and penalties are excluded. Draw/Tie is modeled as a separate outcome, so team-winner propositions resolve No on draw. Polymarket summary: Will South Africa win on 2026-06-24? In the upcoming game, scheduled for June 24, 2026 If South Africa wins, this market will resolve to ""Yes"". Otherwise, this market will resolve to ""No"". If the game is postponed, this market will remain open until the gam... Kalshi summary: South Africa vs Korea Republic Winner? If South Africa wins the South Africa vs Korea Republic professional FIFA World Cup soccer game originally scheduled for Jun 24, 2026 after 90 minutes plus stoppage time (does not include extra time or penalties), then...",qisongqiao,2026-06-22T12:14:08Z,User approved all strict suggested mappings on 2026-06-22T12:14:08Z; source run_id=mapping-fix-classifier-20260621T122459Z; match_score=100.0.
fifwc-rsa-kr-2026-06-24-draw__kxwcgame-26jun24rsakor-tie,approved,South Africa vs. Korea Republic,South Africa vs. Korea Republic to end in a draw in regular time,0x16c51ebf6cea99ba2d958910e743690b40c46c2a426eab1709cd934d8364a96c,fifwc-rsa-kr-2026-06-24-draw,103052895473654725211234208718417485025769469987098102360162412805062007216205,67803843853051871446398565552706331288692869776471638527106591718980462652891,Yes,No,KXWCGAME-26JUN24RSAKOR-TIE,draw/Tie is a separate outcome; team-winner markets resolve No on draw,regular time plus stoppage time only; extra time excluded,penalties excluded,"Approved strict automated match suggestion with match_score=100. Both normalized summaries indicate regular time plus stoppage time only; extra time and penalties are excluded. Draw/Tie is modeled as a separate outcome, so team-winner propositions resolve No on draw. Polymarket summary: Will South Africa vs. Korea Republic end in a draw? In the upcoming game, scheduled for June 24, 2026 If the game ends in a draw, this market will resolve to ""Yes"". Otherwise, this market will resolve to ""No"". If the game is postponed, this market will rema... Kalshi summary: South Africa vs Korea Republic Winner? If Tie wins the South Africa vs Korea Republic professional FIFA World Cup soccer game originally scheduled for Jun 24, 2026 after 90 minutes plus stoppage time (does not include extra time or penalties), then the mark...",qisongqiao,2026-06-22T12:14:08Z,User approved all strict suggested mappings on 2026-06-22T12:14:08Z; source run_id=mapping-fix-classifier-20260621T122459Z; match_score=100.0.
fifwc-esp-ksa-2026-06-21-esp__kxwcgame-26jun21espksa-esp,approved,Spain vs. Saudi Arabia,Spain to win in regular time,0x2fcf3968f5feff8c544b1be614f1c7aed22f5051949478bc0b39f9e966cab02a,fifwc-esp-ksa-2026-06-21-esp,73510205866448375978164321647457824822309414197359016110940718743916953674850,38686085996874030150277436308557693774277527751085400335092971054310974741556,Yes,No,KXWCGAME-26JUN21ESPKSA-ESP,draw/Tie is a separate outcome; team-winner markets resolve No on draw,regular time plus stoppage time only; extra time excluded,penalties excluded,"Approved strict automated match suggestion with match_score=100. Both normalized summaries indicate regular time plus stoppage time only; extra time and penalties are excluded. Draw/Tie is modeled as a separate outcome, so team-winner propositions resolve No on draw. Polymarket summary: Will Spain win on 2026-06-21? In the upcoming game, scheduled for June 21, 2026 If Spain wins, this market will resolve to ""Yes"". Otherwise, this market will resolve to ""No"". If the game is postponed, this market will remain open until the game has been com... Kalshi summary: Spain vs Saudi Arabia Winner? If Spain wins the Spain vs Saudi Arabia professional FIFA World Cup soccer game originally scheduled for Jun 21, 2026 after 90 minutes plus stoppage time (does not include extra time or penalties), then the market resolves to Y...",qisongqiao,2026-06-22T12:14:08Z,User approved all strict suggested mappings on 2026-06-22T12:14:08Z; source run_id=mapping-fix-classifier-20260621T122459Z; match_score=100.0.
fifwc-esp-ksa-2026-06-21-ksa__kxwcgame-26jun21espksa-ksa,approved,Spain vs. Saudi Arabia,Saudi Arabia to win in regular time,0x3abd1b7cf1488504d51a36c1e3f944597dfe6e0545a6fd34ef3d4a3746f90e59,fifwc-esp-ksa-2026-06-21-ksa,34595222436901694034568466087145334098073564547697700427928775408006876228602,39284493768138051556088866366373242298772844993029066793016338222505905309489,Yes,No,KXWCGAME-26JUN21ESPKSA-KSA,draw/Tie is a separate outcome; team-winner markets resolve No on draw,regular time plus stoppage time only; extra time excluded,penalties excluded,"Approved strict automated match suggestion with match_score=100. Both normalized summaries indicate regular time plus stoppage time only; extra time and penalties are excluded. Draw/Tie is modeled as a separate outcome, so team-winner propositions resolve No on draw. Polymarket summary: Will Saudi Arabia win on 2026-06-21? In the upcoming game, scheduled for June 21, 2026 If Saudi Arabia wins, this market will resolve to ""Yes"". Otherwise, this market will resolve to ""No"". If the game is postponed, this market will remain open until the gam... Kalshi summary: Spain vs Saudi Arabia Winner? If Saudi Arabia wins the Spain vs Saudi Arabia professional FIFA World Cup soccer game originally scheduled for Jun 21, 2026 after 90 minutes plus stoppage time (does not include extra time or penalties), then the market resolv...",qisongqiao,2026-06-22T12:14:08Z,User approved all strict suggested mappings on 2026-06-22T12:14:08Z; source run_id=mapping-fix-classifier-20260621T122459Z; match_score=100.0.
fifwc-esp-ksa-2026-06-21-draw__kxwcgame-26jun21espksa-tie,approved,Spain vs. Saudi Arabia,Spain vs. Saudi Arabia to end in a draw in regular time,0x55aa84891f31cedeaef953dfabbb56214ed9549f2ca3ddfe10d395bc58def557,fifwc-esp-ksa-2026-06-21-draw,82898292053233796019218455463083153847413990945759207495147091875359141826965,35192471952906796616869100144761394124029479301770069438109014237036923934326,Yes,No,KXWCGAME-26JUN21ESPKSA-TIE,draw/Tie is a separate outcome; team-winner markets resolve No on draw,regular time plus stoppage time only; extra time excluded,penalties excluded,"Approved strict automated match suggestion with match_score=100. Both normalized summaries indicate regular time plus stoppage time only; extra time and penalties are excluded. Draw/Tie is modeled as a separate outcome, so team-winner propositions resolve No on draw. Polymarket summary: Will Spain vs. Saudi Arabia end in a draw? In the upcoming game, scheduled for June 21, 2026 If the game ends in a draw, this market will resolve to ""Yes"". Otherwise, this market will resolve to ""No"". If the game is postponed, this market will remain open u... Kalshi summary: Spain vs Saudi Arabia Winner? If Tie wins the Spain vs Saudi Arabia professional FIFA World Cup soccer game originally scheduled for Jun 21, 2026 after 90 minutes plus stoppage time (does not include extra time or penalties), then the market resolves to Yes...",qisongqiao,2026-06-22T12:14:08Z,User approved all strict suggested mappings on 2026-06-22T12:14:08Z; source run_id=mapping-fix-classifier-20260621T122459Z; match_score=100.0.
fifwc-che-can-2026-06-24-can__kxwcgame-26jun24suican-can,approved,Switzerland vs. Canada,Canada to win in regular time,0xfec117e3f24c0ee72f753bb35c743d6248212998c001b400609858caeb3fcc00,fifwc-che-can-2026-06-24-can,11943790724298456336310029997668350808838445628633810142424962411400618768716,6380155061946846356913426201209470072939840139237918417312078266764962793556,Yes,No,KXWCGAME-26JUN24SUICAN-CAN,draw/Tie is a separate outcome; team-winner markets resolve No on draw,regular time plus stoppage time only; extra time excluded,penalties excluded,"Approved strict automated match suggestion with match_score=100. Both normalized summaries indicate regular time plus stoppage time only; extra time and penalties are excluded. Draw/Tie is modeled as a separate outcome, so team-winner propositions resolve No on draw. Polymarket summary: Will Canada win on 2026-06-24? In the upcoming game, scheduled for June 24, 2026 If Canada wins, this market will resolve to ""Yes"". Otherwise, this market will resolve to ""No"". If the game is postponed, this market will remain open until the game has been c... Kalshi summary: Switzerland vs Canada Winner? If Canada wins the Switzerland vs Canada professional FIFA World Cup soccer game originally scheduled for Jun 24, 2026 after 90 minutes plus stoppage time (does not include extra time or penalties), then the market resolves to...",qisongqiao,2026-06-22T12:14:08Z,User approved all strict suggested mappings on 2026-06-22T12:14:08Z; source run_id=mapping-fix-classifier-20260621T122459Z; match_score=100.0.
fifwc-che-can-2026-06-24-che__kxwcgame-26jun24suican-sui,approved,Switzerland vs. Canada,Switzerland to win in regular time,0xe1953a0f479de0ff3efabb7dff6116ff6cb9d7fe2d7ee6526c5d68da9cf09767,fifwc-che-can-2026-06-24-che,47959944460657228985055674449790383802464381124119024576562949363346901336433,12647218321579707557729149667487684701196034922491819670257272383913352328238,Yes,No,KXWCGAME-26JUN24SUICAN-SUI,draw/Tie is a separate outcome; team-winner markets resolve No on draw,regular time plus stoppage time only; extra time excluded,penalties excluded,"Approved strict automated match suggestion with match_score=100. Both normalized summaries indicate regular time plus stoppage time only; extra time and penalties are excluded. Draw/Tie is modeled as a separate outcome, so team-winner propositions resolve No on draw. Polymarket summary: Will Switzerland win on 2026-06-24? In the upcoming game, scheduled for June 24, 2026 If Switzerland wins, this market will resolve to ""Yes"". Otherwise, this market will resolve to ""No"". If the game is postponed, this market will remain open until the game... Kalshi summary: Switzerland vs Canada Winner? If Switzerland wins the Switzerland vs Canada professional FIFA World Cup soccer game originally scheduled for Jun 24, 2026 after 90 minutes plus stoppage time (does not include extra time or penalties), then the market resolve...",qisongqiao,2026-06-22T12:14:08Z,User approved all strict suggested mappings on 2026-06-22T12:14:08Z; source run_id=mapping-fix-classifier-20260621T122459Z; match_score=100.0.
fifwc-che-can-2026-06-24-draw__kxwcgame-26jun24suican-tie,approved,Switzerland vs. Canada,Switzerland vs. Canada to end in a draw in regular time,0x10b4a49cc233715e3b2154533c654fcbdcac6c03b3b415611c5c014872e80b3b,fifwc-che-can-2026-06-24-draw,37383901604222109615025559390838815185792875162240758491134459674611890551849,39430503070508035866737004809792956126908514494853649074265688805653092039800,Yes,No,KXWCGAME-26JUN24SUICAN-TIE,draw/Tie is a separate outcome; team-winner markets resolve No on draw,regular time plus stoppage time only; extra time excluded,penalties excluded,"Approved strict automated match suggestion with match_score=100. Both normalized summaries indicate regular time plus stoppage time only; extra time and penalties are excluded. Draw/Tie is modeled as a separate outcome, so team-winner propositions resolve No on draw. Polymarket summary: Will Switzerland vs. Canada end in a draw? In the upcoming game, scheduled for June 24, 2026 If the game ends in a draw, this market will resolve to ""Yes"". Otherwise, this market will resolve to ""No"". If the game is postponed, this market will remain open u... Kalshi summary: Switzerland vs Canada Winner? If Tie wins the Switzerland vs Canada professional FIFA World Cup soccer game originally scheduled for Jun 24, 2026 after 90 minutes plus stoppage time (does not include extra time or penalties), then the market resolves to Yes...",qisongqiao,2026-06-22T12:14:08Z,User approved all strict suggested mappings on 2026-06-22T12:14:08Z; source run_id=mapping-fix-classifier-20260621T122459Z; match_score=100.0.
